ts,date,dateDay,dateMonth,dateYear,dateHour,dateMinute,dateSeconds,open,close,high,low,volume
1577836800,2020-01-01 05:30:00,1,1,2020,5,30,0,0.19285,0.19305,0.19526,0.19219,29773022.6
1577923200,2020-01-02 05:30:00,2,1,2020,5,30,0,0.19304,0.1875,0.19304,0.18508,47912105.6
1578009600,2020-01-03 05:30:00,3,1,2020,5,30,0,0.1875,0.19338,0.19395,0.1845,70390779.3
1578096000,2020-01-04 05:30:00,4,1,2020,5,30,0,0.19331,0.19305,0.19363,0.19119,34239655.4
1578182400,2020-01-05 05:30:00,5,1,2020,5,30,0,0.19305,0.19453,0.19722,0.19288,54356477.7
1578268800,2020-01-06 05:30:00,6,1,2020,5,30,0,0.19453,0.2231,0.22396,0.19421,234157239.2
1578355200,2020-01-07 05:30:00,7,1,2020,5,30,0,0.2231,0.21335,0.2255,0.20702,206449580.6
1578441600,2020-01-08 05:30:00,8,1,2020,5,30,0,0.21334,0.2075,0.21836,0.20311,148861801.3
1578528000,2020-01-09 05:30:00,9,1,2020,5,30,0,0.2075,0.20373,0.20877,0.20126,75492140.5
1578614400,2020-01-10 05:30:00,10,1,2020,5,30,0,0.20375,0.21284,0.21318,0.20023,145223181.5
1578700800,2020-01-11 05:30:00,11,1,2020,5,30,0,0.21277,0.21121,0.21994,0.20852,119237732.2
1578787200,2020-01-12 05:30:00,12,1,2020,5,30,0,0.21121,0.21539,0.21713,0.20941,70711714.4
1578873600,2020-01-13 05:30:00,13,1,2020,5,30,0,0.21536,0.21134,0.2156,0.2096,50959156.8
1578960000,2020-01-14 05:30:00,14,1,2020,5,30,0,0.21134,0.23464,0.24526,0.21134,301142541.5
1579046400,2020-01-15 05:30:00,15,1,2020,5,30,0,0.23455,0.23367,0.24356,0.2263,237606461.8
1579132800,2020-01-16 05:30:00,16,1,2020,5,30,0,0.23367,0.229,0.23501,0.2223,140095581.9
1579219200,2020-01-17 05:30:00,17,1,2020,5,30,0,0.22899,0.23921,0.24453,0.22659,214368960.7
1579305600,2020-01-18 05:30:00,18,1,2020,5,30,0,0.23922,0.24357,0.25456,0.23183,206939203.8
1579392000,2020-01-19 05:30:00,19,1,2020,5,30,0,0.24357,0.23558,0.25175,0.227,180887717.9
1579478400,2020-01-20 05:30:00,20,1,2020,5,30,0,0.23554,0.23314,0.23672,0.22415,115112776.4
1579564800,2020-01-21 05:30:00,21,1,2020,5,30,0,0.23314,0.23726,0.242,0.23,111913129.9
1579651200,2020-01-22 05:30:00,22,1,2020,5,30,0,0.23738,0.23733,0.23996,0.23213,84725853.4
1579737600,2020-01-23 05:30:00,23,1,2020,5,30,0,0.23733,0.22586,0.23746,0.22123,105762250.0
1579824000,2020-01-24 05:30:00,24,1,2020,5,30,0,0.22584,0.22222,0.2263,0.21378,121855078.5
1579910400,2020-01-25 05:30:00,25,1,2020,5,30,0,0.22219,0.21946,0.22271,0.21662,56806347.0
1579996800,2020-01-26 05:30:00,26,1,2020,5,30,0,0.21946,0.23131,0.23276,0.218,79796120.0
1580083200,2020-01-27 05:30:00,27,1,2020,5,30,0,0.23121,0.23077,0.23393,0.2263,102966534.5
1580169600,2020-01-28 05:30:00,28,1,2020,5,30,0,0.23078,0.23906,0.24162,0.23077,157599522.5
1580256000,2020-01-29 05:30:00,29,1,2020,5,30,0,0.23912,0.23539,0.24197,0.23425,114643264.7
1580342400,2020-01-30 05:30:00,30,1,2020,5,30,0,0.23538,0.24376,0.24669,0.23056,162144624.0
1580428800,2020-01-31 05:30:00,31,1,2020,5,30,0,0.24376,0.23946,0.24486,0.2335,122494224.8
1580515200,2020-02-01 05:30:00,1,2,2020,5,30,0,0.23947,0.24141,0.24304,0.23684,78963550.6
1580601600,2020-02-02 05:30:00,2,2,2020,5,30,0,0.24146,0.25093,0.26163,0.2355,220101966.8
1580688000,2020-02-03 05:30:00,3,2,2020,5,30,0,0.25094,0.25453,0.2595,0.24678,168166882.1
1580774400,2020-02-04 05:30:00,4,2,2020,5,30,0,0.25447,0.26737,0.271,0.24752,273001224.9
1580860800,2020-02-05 05:30:00,5,2,2020,5,30,0,0.26742,0.27774,0.2824,0.26737,309852829.8
1580947200,2020-02-06 05:30:00,6,2,2020,5,30,0,0.27782,0.28325,0.28856,0.26778,274932947.3
1581033600,2020-02-07 05:30:00,7,2,2020,5,30,0,0.28325,0.27953,0.28832,0.27766,158743853.5
1581120000,2020-02-08 05:30:00,8,2,2020,5,30,0,0.27951,0.27735,0.28223,0.2636,164832911.1
1581206400,2020-02-09 05:30:00,9,2,2020,5,30,0,0.27731,0.28257,0.28924,0.27622,151863434.1
1581292800,2020-02-10 05:30:00,10,2,2020,5,30,0,0.28255,0.27338,0.28322,0.2673,142780388.9
1581379200,2020-02-11 05:30:00,11,2,2020,5,30,0,0.27342,0.281,0.2835,0.26738,150202084.8
1581465600,2020-02-12 05:30:00,12,2,2020,5,30,0,0.28092,0.30427,0.309,0.28091,358543825.1
1581552000,2020-02-13 05:30:00,13,2,2020,5,30,0,0.30427,0.32709,0.34,0.3,684720941.9
1581638400,2020-02-14 05:30:00,14,2,2020,5,30,0,0.32718,0.33594,0.33942,0.3104,348251076.6
1581724800,2020-02-15 05:30:00,15,2,2020,5,30,0,0.33585,0.30729,0.34676,0.2955,397053085.5
1581811200,2020-02-16 05:30:00,16,2,2020,5,30,0,0.30729,0.29224,0.31892,0.27,381819181.7
1581897600,2020-02-17 05:30:00,17,2,2020,5,30,0,0.29248,0.28736,0.29511,0.26821,354803561.0
1581984000,2020-02-18 05:30:00,18,2,2020,5,30,0,0.28741,0.29827,0.30273,0.27474,296854594.3
1582070400,2020-02-19 05:30:00,19,2,2020,5,30,0,0.29834,0.27466,0.30777,0.27007,219950638.9
1582156800,2020-02-20 05:30:00,20,2,2020,5,30,0,0.27466,0.2709,0.28168,0.26109,270623144.6
1582243200,2020-02-21 05:30:00,21,2,2020,5,30,0,0.27094,0.27418,0.27898,0.2678,175945123.9
1582329600,2020-02-22 05:30:00,22,2,2020,5,30,0,0.27424,0.27468,0.2785,0.27,107040364.2
1582416000,2020-02-23 05:30:00,23,2,2020,5,30,0,0.27462,0.28298,0.28467,0.27462,134020545.9
1582502400,2020-02-24 05:30:00,24,2,2020,5,30,0,0.28298,0.2704,0.28425,0.26401,184354129.7
1582588800,2020-02-25 05:30:00,25,2,2020,5,30,0,0.2703,0.25209,0.271,0.251,209531989.3
1582675200,2020-02-26 05:30:00,26,2,2020,5,30,0,0.25218,0.22915,0.25512,0.22271,366105232.9
1582761600,2020-02-27 05:30:00,27,2,2020,5,30,0,0.22917,0.2385,0.24722,0.22363,250168249.9
1582848000,2020-02-28 05:30:00,28,2,2020,5,30,0,0.23854,0.23663,0.244,0.2285,190843431.7
1582934400,2020-02-29 05:30:00,29,2,2020,5,30,0,0.23658,0.22892,0.24244,0.2287,104602134.2
1583020800,2020-03-01 05:30:00,1,3,2020,5,30,0,0.22897,0.22696,0.23607,0.22428,125219316.2
1583107200,2020-03-02 05:30:00,2,3,2020,5,30,0,0.22699,0.23958,0.24149,0.22582,138299654.6
1583193600,2020-03-03 05:30:00,3,3,2020,5,30,0,0.23968,0.23428,0.2397,0.22942,130633902.5
1583280000,2020-03-04 05:30:00,4,3,2020,5,30,0,0.23433,0.23453,0.23839,0.23,92570643.5
1583366400,2020-03-05 05:30:00,5,3,2020,5,30,0,0.23449,0.23909,0.2432,0.23449,130944711.9
1583452800,2020-03-06 05:30:00,6,3,2020,5,30,0,0.23907,0.24477,0.24629,0.23804,116563269.6
1583539200,2020-03-07 05:30:00,7,3,2020,5,30,0,0.24475,0.23622,0.245,0.235,95845464.2
1583625600,2020-03-08 05:30:00,8,3,2020,5,30,0,0.23624,0.20385,0.23624,0.2,271417418.6
1583712000,2020-03-09 05:30:00,9,3,2020,5,30,0,0.20387,0.20952,0.2115,0.19787,288610509.4
1583798400,2020-03-10 05:30:00,10,3,2020,5,30,0,0.20946,0.21185,0.21567,0.19979,182259714.8
1583884800,2020-03-11 05:30:00,11,3,2020,5,30,0,0.21181,0.20813,0.2138,0.199,178652631.5
1583971200,2020-03-12 05:30:00,12,3,2020,5,30,0,0.20824,0.13549,0.20988,0.12798,771225355.4
1584057600,2020-03-13 05:30:00,13,3,2020,5,30,0,0.13536,0.15872,0.16614,0.10129,1234550066.8
1584144000,2020-03-14 05:30:00,14,3,2020,5,30,0,0.15875,0.14588,0.161,0.14351,317354167.4
1584230400,2020-03-15 05:30:00,15,3,2020,5,30,0,0.1459,0.15308,0.16422,0.14449,292888161.2
1584316800,2020-03-16 05:30:00,16,3,2020,5,30,0,0.15306,0.14102,0.15338,0.12815,534401535.9
1584403200,2020-03-17 05:30:00,17,3,2020,5,30,0,0.1411,0.14694,0.1519,0.13962,317550005.4
1584489600,2020-03-18 05:30:00,18,3,2020,5,30,0,0.14691,0.1476,0.14938,0.14001,233087384.9
1584576000,2020-03-19 05:30:00,19,3,2020,5,30,0,0.14749,0.1646,0.17257,0.14428,357277613.5
1584662400,2020-03-20 05:30:00,20,3,2020,5,30,0,0.16458,0.15695,0.175,0.14504,511513197.8
1584748800,2020-03-21 05:30:00,21,3,2020,5,30,0,0.15705,0.15797,0.16196,0.15156,270014080.0
1584835200,2020-03-22 05:30:00,22,3,2020,5,30,0,0.15798,0.14776,0.16178,0.14611,221088260.9
1584921600,2020-03-23 05:30:00,23,3,2020,5,30,0,0.14774,0.15854,0.16163,0.14472,282036084.3
1585008000,2020-03-24 05:30:00,24,3,2020,5,30,0,0.15853,0.16225,0.16387,0.15689,250519379.8
1585094400,2020-03-25 05:30:00,25,3,2020,5,30,0,0.16229,0.16168,0.16524,0.15667,200584719.2
1585180800,2020-03-26 05:30:00,26,3,2020,5,30,0,0.1617,0.17593,0.17742,0.15984,206023274.9
1585267200,2020-03-27 05:30:00,27,3,2020,5,30,0,0.17591,0.17269,0.18724,0.16936,316147728.4
1585353600,2020-03-28 05:30:00,28,3,2020,5,30,0,0.17271,0.17543,0.17984,0.16637,308477933.9
1585440000,2020-03-29 05:30:00,29,3,2020,5,30,0,0.1754,0.16278,0.1767,0.16184,187119450.1
1585526400,2020-03-30 05:30:00,30,3,2020,5,30,0,0.16279,0.17112,0.17546,0.16242,181804091.3
1585612800,2020-03-31 05:30:00,31,3,2020,5,30,0,0.17109,0.17353,0.17789,0.17044,158613778.6
1585699200,2020-04-01 05:30:00,1,4,2020,5,30,0,0.17359,0.17494,0.1763,0.16783,184017110.9
1585785600,2020-04-02 05:30:00,2,4,2020,5,30,0,0.17497,0.17828,0.1865,0.17384,223398206.0
1585872000,2020-04-03 05:30:00,3,4,2020,5,30,0,0.17828,0.17957,0.18277,0.17568,170663444.5
1585958400,2020-04-04 05:30:00,4,4,2020,5,30,0,0.17956,0.18114,0.18365,0.1777,117148787.3
1586044800,2020-04-05 05:30:00,5,4,2020,5,30,0,0.18114,0.17925,0.18206,0.17627,83641306.3
1586131200,2020-04-06 05:30:00,6,4,2020,5,30,0,0.17927,0.19803,0.19834,0.17917,225433233.4
1586217600,2020-04-07 05:30:00,7,4,2020,5,30,0,0.198,0.19285,0.20519,0.18986,271460619.0
1586304000,2020-04-08 05:30:00,8,4,2020,5,30,0,0.19283,0.20192,0.20294,0.19155,154841655.0
1586390400,2020-04-09 05:30:00,9,4,2020,5,30,0,0.20192,0.19829,0.20231,0.1938,104421253.8
1586476800,2020-04-10 05:30:00,10,4,2020,5,30,0,0.19826,0.18758,0.19872,0.18119,160752187.0
1586563200,2020-04-11 05:30:00,11,4,2020,5,30,0,0.1876,0.1885,0.19213,0.185,100598265.9
1586649600,2020-04-12 05:30:00,12,4,2020,5,30,0,0.18848,0.18939,0.19567,0.18616,129786730.4
1586736000,2020-04-13 05:30:00,13,4,2020,5,30,0,0.18932,0.18763,0.18947,0.18011,158956441.4
1586822400,2020-04-14 05:30:00,14,4,2020,5,30,0,0.18764,0.18613,0.18931,0.18313,93684121.1
1586908800,2020-04-15 05:30:00,15,4,2020,5,30,0,0.18605,0.1805,0.18973,0.18,121466630.1
1586995200,2020-04-16 05:30:00,16,4,2020,5,30,0,0.1805,0.19053,0.19399,0.174,220290862.9
1587081600,2020-04-17 05:30:00,17,4,2020,5,30,0,0.1905,0.18863,0.19185,0.18618,91976842.0
1587168000,2020-04-18 05:30:00,18,4,2020,5,30,0,0.18863,0.19544,0.19715,0.18838,113765553.3
1587254400,2020-04-19 05:30:00,19,4,2020,5,30,0,0.19539,0.18901,0.19638,0.18772,89989794.3
1587340800,2020-04-20 05:30:00,20,4,2020,5,30,0,0.18892,0.18151,0.19453,0.17821,174028243.0
1587427200,2020-04-21 05:30:00,21,4,2020,5,30,0,0.18147,0.18341,0.18637,0.18109,111773322.9
1587513600,2020-04-22 05:30:00,22,4,2020,5,30,0,0.18342,0.18804,0.18964,0.18202,93916879.3
1587600000,2020-04-23 05:30:00,23,4,2020,5,30,0,0.18803,0.1926,0.19951,0.18558,179113808.3
1587686400,2020-04-24 05:30:00,24,4,2020,5,30,0,0.19261,0.19325,0.19695,0.19197,113830925.1
1587772800,2020-04-25 05:30:00,25,4,2020,5,30,0,0.19327,0.19418,0.19776,0.1916,78779257.1
1587859200,2020-04-26 05:30:00,26,4,2020,5,30,0,0.19414,0.19618,0.19775,0.19133,93225699.4
1587945600,2020-04-27 05:30:00,27,4,2020,5,30,0,0.1962,0.19747,0.19979,0.19407,104536714.3
1588032000,2020-04-28 05:30:00,28,4,2020,5,30,0,0.1975,0.21416,0.21806,0.19459,244843302.1
1588118400,2020-04-29 05:30:00,29,4,2020,5,30,0,0.21415,0.22648,0.23075,0.20981,292096742.3
1588204800,2020-04-30 05:30:00,30,4,2020,5,30,0,0.22644,0.21135,0.2359,0.20816,314088335.1
1588291200,2020-05-01 05:30:00,1,5,2020,5,30,0,0.21135,0.21786,0.22418,0.21117,160339801.0
1588377600,2020-05-02 05:30:00,2,5,2020,5,30,0,0.21785,0.22369,0.22575,0.21534,119932182.7
1588464000,2020-05-03 05:30:00,3,5,2020,5,30,0,0.22377,0.21936,0.22667,0.2154,111226961.6
1588550400,2020-05-04 05:30:00,4,5,2020,5,30,0,0.21936,0.21776,0.22057,0.20713,166756745.3
1588636800,2020-05-05 05:30:00,5,5,2020,5,30,0,0.21777,0.21688,0.22213,0.21316,106925948.7
1588723200,2020-05-06 05:30:00,6,5,2020,5,30,0,0.21688,0.21158,0.2224,0.21029,131362572.4
1588809600,2020-05-07 05:30:00,7,5,2020,5,30,0,0.21172,0.21862,0.2211,0.20934,175859218.0
1588896000,2020-05-08 05:30:00,8,5,2020,5,30,0,0.2186,0.21865,0.22199,0.21423,133922204.4
1588982400,2020-05-09 05:30:00,9,5,2020,5,30,0,0.21865,0.21642,0.225,0.21554,159019230.1
1589068800,2020-05-10 05:30:00,10,5,2020,5,30,0,0.21642,0.19702,0.21651,0.178,310627388.1
1589155200,2020-05-11 05:30:00,11,5,2020,5,30,0,0.19708,0.19254,0.20031,0.184,188926069.2
1589241600,2020-05-12 05:30:00,12,5,2020,5,30,0,0.19254,0.19711,0.2001,0.19128,120759033.7
1589328000,2020-05-13 05:30:00,13,5,2020,5,30,0,0.1971,0.20177,0.20429,0.19564,95212470.1
1589414400,2020-05-14 05:30:00,14,5,2020,5,30,0,0.20176,0.20386,0.20636,0.19838,123608208.0
1589500800,2020-05-15 05:30:00,15,5,2020,5,30,0,0.20379,0.19818,0.20467,0.19505,142260472.9
1589587200,2020-05-16 05:30:00,16,5,2020,5,30,0,0.19818,0.19969,0.2025,0.19664,94327453.0
1589673600,2020-05-17 05:30:00,17,5,2020,5,30,0,0.19969,0.20131,0.20465,0.19889,85924995.0
1589760000,2020-05-18 05:30:00,18,5,2020,5,30,0,0.20132,0.20543,0.20805,0.2007,129797461.7
1589846400,2020-05-19 05:30:00,19,5,2020,5,30,0,0.20537,0.20496,0.20668,0.20087,99600289.0
1589932800,2020-05-20 05:30:00,20,5,2020,5,30,0,0.20486,0.20179,0.20624,0.1975,106603358.1
1590019200,2020-05-21 05:30:00,21,5,2020,5,30,0,0.20178,0.19434,0.20305,0.18928,119870681.6
1590105600,2020-05-22 05:30:00,22,5,2020,5,30,0,0.19434,0.20034,0.2025,0.19212,134747810.6
1590192000,2020-05-23 05:30:00,23,5,2020,5,30,0,0.20032,0.19883,0.20216,0.19793,88342183.6
1590278400,2020-05-24 05:30:00,24,5,2020,5,30,0,0.19883,0.19256,0.20122,0.19222,88708243.7
1590364800,2020-05-25 05:30:00,25,5,2020,5,30,0,0.19263,0.19622,0.19719,0.18972,96947010.8
1590451200,2020-05-26 05:30:00,26,5,2020,5,30,0,0.19622,0.19372,0.19695,0.19139,91454592.2
1590537600,2020-05-27 05:30:00,27,5,2020,5,30,0,0.19371,0.19791,0.20048,0.19355,99410860.4
1590624000,2020-05-28 05:30:00,28,5,2020,5,30,0,0.19792,0.20052,0.20095,0.19502,110627844.2
1590710400,2020-05-29 05:30:00,29,5,2020,5,30,0,0.20052,0.19759,0.20292,0.19622,98632638.4
1590796800,2020-05-30 05:30:00,30,5,2020,5,30,0,0.19762,0.20701,0.208,0.19596,155426836.0
1590883200,2020-05-31 05:30:00,31,5,2020,5,30,0,0.207,0.20245,0.21356,0.20026,180118253.6
1590969600,2020-06-01 05:30:00,1,6,2020,5,30,0,0.20241,0.211,0.21268,0.20112,157851522.0
1591056000,2020-06-02 05:30:00,2,6,2020,5,30,0,0.21093,0.20301,0.2147,0.1961,203819088.3
1591142400,2020-06-03 05:30:00,3,6,2020,5,30,0,0.20294,0.2041,0.20487,0.2008,102410983.8
1591228800,2020-06-04 05:30:00,4,6,2020,5,30,0,0.20413,0.20427,0.20724,0.19957,126378226.8
1591315200,2020-06-05 05:30:00,5,6,2020,5,30,0,0.20432,0.20274,0.20585,0.20129,98700901.5
1591401600,2020-06-06 05:30:00,6,6,2020,5,30,0,0.20274,0.20361,0.20484,0.20125,79279154.8
1591488000,2020-06-07 05:30:00,7,6,2020,5,30,0,0.2036,0.20329,0.20496,0.19839,93329744.2
1591574400,2020-06-08 05:30:00,8,6,2020,5,30,0,0.20327,0.20403,0.20444,0.20116,63036054.2
1591660800,2020-06-09 05:30:00,9,6,2020,5,30,0,0.20406,0.20127,0.20528,0.2,81665800.9
1591747200,2020-06-10 05:30:00,10,6,2020,5,30,0,0.20135,0.20266,0.20388,0.1985,75706855.2
1591833600,2020-06-11 05:30:00,11,6,2020,5,30,0,0.20266,0.18817,0.2036,0.1846,132263967.7
1591920000,2020-06-12 05:30:00,12,6,2020,5,30,0,0.18823,0.19307,0.19505,0.1869,75546910.5
1592006400,2020-06-13 05:30:00,13,6,2020,5,30,0,0.19308,0.19234,0.19379,0.19076,63292600.9
1592092800,2020-06-14 05:30:00,14,6,2020,5,30,0,0.19238,0.19022,0.19249,0.1887,58429094.7
1592179200,2020-06-15 05:30:00,15,6,2020,5,30,0,0.19022,0.19238,0.19344,0.18202,130419971.5
1592265600,2020-06-16 05:30:00,16,6,2020,5,30,0,0.19238,0.19238,0.19404,0.19007,76442039.8
1592352000,2020-06-17 05:30:00,17,6,2020,5,30,0,0.19236,0.19315,0.19895,0.18846,143789678.4
1592438400,2020-06-18 05:30:00,18,6,2020,5,30,0,0.19315,0.18975,0.19325,0.18802,83020048.8
1592524800,2020-06-19 05:30:00,19,6,2020,5,30,0,0.18975,0.18722,0.19036,0.18658,101395871.0
1592611200,2020-06-20 05:30:00,20,6,2020,5,30,0,0.18724,0.18792,0.18897,0.18488,65244804.2
1592697600,2020-06-21 05:30:00,21,6,2020,5,30,0,0.18793,0.18602,0.18848,0.18565,66591992.6
1592784000,2020-06-22 05:30:00,22,6,2020,5,30,0,0.18602,0.18928,0.19051,0.18569,121678902.8
1592870400,2020-06-23 05:30:00,23,6,2020,5,30,0,0.18933,0.18889,0.19042,0.18831,80442337.3
1592956800,2020-06-24 05:30:00,24,6,2020,5,30,0,0.18889,0.18348,0.19016,0.1799,99814387.3
1593043200,2020-06-25 05:30:00,25,6,2020,5,30,0,0.18344,0.18156,0.18414,0.17849,83471401.8
1593129600,2020-06-26 05:30:00,26,6,2020,5,30,0,0.18156,0.18249,0.18694,0.17848,134171894.1
1593216000,2020-06-27 05:30:00,27,6,2020,5,30,0,0.18247,0.17509,0.1835,0.169,100119859.4
1593302400,2020-06-28 05:30:00,28,6,2020,5,30,0,0.1751,0.17693,0.17983,0.17337,79916984.6
1593388800,2020-06-29 05:30:00,29,6,2020,5,30,0,0.17694,0.17726,0.17939,0.17487,108091794.8
1593475200,2020-06-30 05:30:00,30,6,2020,5,30,0,0.17737,0.17533,0.17775,0.17487,63769127.0
1593561600,2020-07-01 05:30:00,1,7,2020,5,30,0,0.17533,0.17647,0.17814,0.17373,96697381.8
1593648000,2020-07-02 05:30:00,2,7,2020,5,30,0,0.17645,0.17477,0.1777,0.172,109348977.7
1593734400,2020-07-03 05:30:00,3,7,2020,5,30,0,0.17476,0.1762,0.17865,0.1743,93559429.8
1593820800,2020-07-04 05:30:00,4,7,2020,5,30,0,0.17618,0.17808,0.17964,0.17593,101070772.2
1593907200,2020-07-05 05:30:00,5,7,2020,5,30,0,0.1781,0.17695,0.1788,0.17372,109028272.5
1593993600,2020-07-06 05:30:00,6,7,2020,5,30,0,0.17691,0.18875,0.18934,0.17644,180480180.6
1594080000,2020-07-07 05:30:00,7,7,2020,5,30,0,0.18876,0.18508,0.18969,0.18312,119136986.1
1594166400,2020-07-08 05:30:00,8,7,2020,5,30,0,0.18508,0.20551,0.20669,0.18382,340558574.1
1594252800,2020-07-09 05:30:00,9,7,2020,5,30,0,0.20544,0.20263,0.21186,0.19667,366287583.8
1594339200,2020-07-10 05:30:00,10,7,2020,5,30,0,0.20263,0.19909,0.20272,0.19252,212898090.1
1594425600,2020-07-11 05:30:00,11,7,2020,5,30,0,0.19906,0.2011,0.20482,0.19792,171252017.6
1594512000,2020-07-12 05:30:00,12,7,2020,5,30,0,0.20112,0.20128,0.20401,0.19758,123496702.1
1594598400,2020-07-13 05:30:00,13,7,2020,5,30,0,0.20122,0.19867,0.2066,0.191,210692216.4
1594684800,2020-07-14 05:30:00,14,7,2020,5,30,0,0.19866,0.19909,0.19978,0.195,126120726.2
1594771200,2020-07-15 05:30:00,15,7,2020,5,30,0,0.19908,0.19721,0.1999,0.19635,97567941.8
1594857600,2020-07-16 05:30:00,16,7,2020,5,30,0,0.19722,0.19444,0.19756,0.18822,154403446.1
1594944000,2020-07-17 05:30:00,17,7,2020,5,30,0,0.19447,0.1944,0.19824,0.19125,119390267.7
1595030400,2020-07-18 05:30:00,18,7,2020,5,30,0,0.19441,0.1999,0.20203,0.19392,125668578.9
1595116800,2020-07-19 05:30:00,19,7,2020,5,30,0,0.19989,0.19956,0.20205,0.19574,117946275.3
1595203200,2020-07-20 05:30:00,20,7,2020,5,30,0,0.19961,0.19465,0.20019,0.19194,114187102.0
1595289600,2020-07-21 05:30:00,21,7,2020,5,30,0,0.19465,0.19949,0.201,0.19386,116436628.1
1595376000,2020-07-22 05:30:00,22,7,2020,5,30,0,0.19946,0.20348,0.20441,0.196,127274412.3
1595462400,2020-07-23 05:30:00,23,7,2020,5,30,0,0.20351,0.20851,0.21584,0.20142,231892970.4
1595548800,2020-07-24 05:30:00,24,7,2020,5,30,0,0.20847,0.20392,0.20855,0.20189,162043579.9
1595635200,2020-07-25 05:30:00,25,7,2020,5,30,0,0.20393,0.21463,0.21756,0.2035,237958032.7
1595721600,2020-07-26 05:30:00,26,7,2020,5,30,0,0.21462,0.21532,0.22499,0.21255,277074358.0
1595808000,2020-07-27 05:30:00,27,7,2020,5,30,0,0.21528,0.22437,0.23,0.20861,358365289.2
1595894400,2020-07-28 05:30:00,28,7,2020,5,30,0,0.22445,0.23029,0.23476,0.217,348097855.6
1595980800,2020-07-29 05:30:00,29,7,2020,5,30,0,0.23031,0.24327,0.25,0.22919,423604274.8
1596067200,2020-07-30 05:30:00,30,7,2020,5,30,0,0.24323,0.24408,0.24954,0.233,339560922.2
1596153600,2020-07-31 05:30:00,31,7,2020,5,30,0,0.24407,0.25939,0.26042,0.24158,295712939.1
1596240000,2020-08-01 05:30:00,1,8,2020,5,30,0,0.25938,0.29089,0.29739,0.25557,698526256.7
1596326400,2020-08-02 05:30:00,2,8,2020,5,30,0,0.29089,0.28803,0.32628,0.2476,1089709098.7
1596412800,2020-08-03 05:30:00,3,8,2020,5,30,0,0.28809,0.31016,0.31999,0.28357,661998402.4
1596499200,2020-08-04 05:30:00,4,8,2020,5,30,0,0.31008,0.30138,0.31926,0.29038,523509311.0
1596585600,2020-08-05 05:30:00,5,8,2020,5,30,0,0.30137,0.30228,0.30813,0.2908,377922454.8
1596672000,2020-08-06 05:30:00,6,8,2020,5,30,0,0.30233,0.30311,0.31126,0.29722,315511639.9
1596758400,2020-08-07 05:30:00,7,8,2020,5,30,0,0.30309,0.29437,0.31037,0.27936,350058017.3
1596844800,2020-08-08 05:30:00,8,8,2020,5,30,0,0.29444,0.29527,0.2987,0.2898,180632239.2
1596931200,2020-08-09 05:30:00,9,8,2020,5,30,0,0.29532,0.2879,0.29839,0.28215,194741043.2
1597017600,2020-08-10 05:30:00,10,8,2020,5,30,0,0.28792,0.29469,0.30008,0.28301,357730182.0
1597104000,2020-08-11 05:30:00,11,8,2020,5,30,0,0.29468,0.2831,0.30736,0.26727,454328410.0
1597190400,2020-08-12 05:30:00,12,8,2020,5,30,0,0.28308,0.28233,0.28737,0.27139,301659248.8
1597276800,2020-08-13 05:30:00,13,8,2020,5,30,0,0.28233,0.2942,0.29561,0.27243,343559052.2
1597363200,2020-08-14 05:30:00,14,8,2020,5,30,0,0.2942,0.29995,0.3073,0.28918,419013955.8
1597449600,2020-08-15 05:30:00,15,8,2020,5,30,0,0.29995,0.29884,0.30537,0.2907,323612283.2
1597536000,2020-08-16 05:30:00,16,8,2020,5,30,0,0.2989,0.30455,0.3048,0.29186,272817352.5
1597622400,2020-08-17 05:30:00,17,8,2020,5,30,0,0.3046,0.31539,0.32689,0.29702,598471473.5
1597708800,2020-08-18 05:30:00,18,8,2020,5,30,0,0.31535,0.30251,0.32156,0.29614,406775389.7
1597795200,2020-08-19 05:30:00,19,8,2020,5,30,0,0.3025,0.28975,0.30616,0.27809,390658603.2
1597881600,2020-08-20 05:30:00,20,8,2020,5,30,0,0.28969,0.29218,0.29465,0.28431,217335773.0
1597968000,2020-08-21 05:30:00,21,8,2020,5,30,0,0.29217,0.27933,0.29585,0.27671,295142831.1
1598054400,2020-08-22 05:30:00,22,8,2020,5,30,0,0.27935,0.28592,0.28663,0.2733,200686126.8
1598140800,2020-08-23 05:30:00,23,8,2020,5,30,0,0.28589,0.2848,0.28808,0.27698,147758018.4
1598227200,2020-08-24 05:30:00,24,8,2020,5,30,0,0.2848,0.2884,0.292,0.28224,163849857.2
1598313600,2020-08-25 05:30:00,25,8,2020,5,30,0,0.2884,0.27625,0.28959,0.27,234190707.5
1598400000,2020-08-26 05:30:00,26,8,2020,5,30,0,0.27628,0.27653,0.28078,0.2739,153029000.5
1598486400,2020-08-27 05:30:00,27,8,2020,5,30,0,0.27645,0.26469,0.27833,0.25453,271350415.9
1598572800,2020-08-28 05:30:00,28,8,2020,5,30,0,0.26478,0.27174,0.2732,0.26,161315866.7
1598659200,2020-08-29 05:30:00,29,8,2020,5,30,0,0.27166,0.2738,0.27685,0.26865,120917456.4
1598745600,2020-08-30 05:30:00,30,8,2020,5,30,0,0.27375,0.28302,0.28389,0.27375,157541548.0
1598832000,2020-08-31 05:30:00,31,8,2020,5,30,0,0.28302,0.28115,0.2845,0.27804,164541572.9
1598918400,2020-09-01 05:30:00,1,9,2020,5,30,0,0.28115,0.29521,0.29884,0.27574,292160051.6
1599004800,2020-09-02 05:30:00,2,9,2020,5,30,0,0.29515,0.27595,0.304,0.2622,367857288.9
1599091200,2020-09-03 05:30:00,3,9,2020,5,30,0,0.27594,0.24409,0.2765,0.238,375303316.2
1599177600,2020-09-04 05:30:00,4,9,2020,5,30,0,0.24404,0.25385,0.26582,0.24012,347276927.6
1599264000,2020-09-05 05:30:00,5,9,2020,5,30,0,0.25385,0.23738,0.25951,0.231,343014820.3
1599350400,2020-09-06 05:30:00,6,9,2020,5,30,0,0.23737,0.23986,0.24358,0.22937,245971020.2
1599436800,2020-09-07 05:30:00,7,9,2020,5,30,0,0.23987,0.24198,0.24292,0.22962,217149074.3
1599523200,2020-09-08 05:30:00,8,9,2020,5,30,0,0.24202,0.23657,0.24365,0.2312,185386436.1
1599609600,2020-09-09 05:30:00,9,9,2020,5,30,0,0.23658,0.23901,0.24278,0.23303,120931648.7
1599696000,2020-09-10 05:30:00,10,9,2020,5,30,0,0.239,0.24302,0.24871,0.23878,150794017.7
1599782400,2020-09-11 05:30:00,11,9,2020,5,30,0,0.24302,0.24252,0.2444,0.23683,102995486.8
1599868800,2020-09-12 05:30:00,12,9,2020,5,30,0,0.24252,0.24752,0.24879,0.24019,90026751.2
1599955200,2020-09-13 05:30:00,13,9,2020,5,30,0,0.24749,0.24218,0.2535,0.23757,134508183.7
1600041600,2020-09-14 05:30:00,14,9,2020,5,30,0,0.24214,0.24564,0.2484,0.23901,128679809.9
1600128000,2020-09-15 05:30:00,15,9,2020,5,30,0,0.24562,0.24331,0.2494,0.24225,123397806.3
1600214400,2020-09-16 05:30:00,16,9,2020,5,30,0,0.24331,0.24686,0.25117,0.2341,155437121.5
1600300800,2020-09-17 05:30:00,17,9,2020,5,30,0,0.24682,0.25214,0.2586,0.24601,195903905.1
1600387200,2020-09-18 05:30:00,18,9,2020,5,30,0,0.25208,0.25065,0.25522,0.2463,123918267.6
1600473600,2020-09-19 05:30:00,19,9,2020,5,30,0,0.25065,0.25112,0.25497,0.24733,94380999.1
1600560000,2020-09-20 05:30:00,20,9,2020,5,30,0,0.25112,0.24652,0.25125,0.2423,100830684.4
1600646400,2020-09-21 05:30:00,21,9,2020,5,30,0,0.24657,0.23102,0.24809,0.22915,232559544.3
1600732800,2020-09-22 05:30:00,22,9,2020,5,30,0,0.23104,0.23302,0.23459,0.22916,113084575.2
1600819200,2020-09-23 05:30:00,23,9,2020,5,30,0,0.23301,0.22164,0.2352,0.22017,148246113.4
1600905600,2020-09-24 05:30:00,24,9,2020,5,30,0,0.22164,0.23276,0.23401,0.21944,173682650.7
1600992000,2020-09-25 05:30:00,25,9,2020,5,30,0,0.23277,0.24154,0.24477,0.2295,146717481.1
1601078400,2020-09-26 05:30:00,26,9,2020,5,30,0,0.24154,0.24153,0.24568,0.23764,113365429.6
1601164800,2020-09-27 05:30:00,27,9,2020,5,30,0,0.24147,0.24334,0.24474,0.23729,91772023.9
1601251200,2020-09-28 05:30:00,28,9,2020,5,30,0,0.24329,0.24107,0.24851,0.23979,121590934.4
1601337600,2020-09-29 05:30:00,29,9,2020,5,30,0,0.2411,0.24285,0.24662,0.2383,109204653.3
1601424000,2020-09-30 05:30:00,30,9,2020,5,30,0,0.24286,0.24171,0.24289,0.2375,101266167.8
1601510400,2020-10-01 05:30:00,1,10,2020,5,30,0,0.24172,0.23819,0.24452,0.23372,127335773.7
1601596800,2020-10-02 05:30:00,2,10,2020,5,30,0,0.23813,0.23386,0.23937,0.22829,146884020.3
1601683200,2020-10-03 05:30:00,3,10,2020,5,30,0,0.23387,0.23273,0.23499,0.23254,59902666.5
1601769600,2020-10-04 05:30:00,4,10,2020,5,30,0,0.23274,0.24794,0.25024,0.23159,157014929.5
1601856000,2020-10-05 05:30:00,5,10,2020,5,30,0,0.24794,0.2503,0.25442,0.24628,228844024.4
1601942400,2020-10-06 05:30:00,6,10,2020,5,30,0,0.25034,0.24545,0.25932,0.24021,378003616.4
1602028800,2020-10-07 05:30:00,7,10,2020,5,30,0,0.24549,0.2487,0.25141,0.24077,177097434.2
1602115200,2020-10-08 05:30:00,8,10,2020,5,30,0,0.24871,0.25141,0.25297,0.24206,197900153.1
1602201600,2020-10-09 05:30:00,9,10,2020,5,30,0,0.25141,0.25293,0.25665,0.24935,192476557.6
1602288000,2020-10-10 05:30:00,10,10,2020,5,30,0,0.25293,0.25402,0.26071,0.25265,165954957.2
1602374400,2020-10-11 05:30:00,11,10,2020,5,30,0,0.25401,0.25544,0.25842,0.25321,129208149.4
1602460800,2020-10-12 05:30:00,12,10,2020,5,30,0,0.25545,0.25603,0.25826,0.24732,225658413.6
1602547200,2020-10-13 05:30:00,13,10,2020,5,30,0,0.25602,0.2565,0.25997,0.25267,232496747.4
1602633600,2020-10-14 05:30:00,14,10,2020,5,30,0,0.25658,0.24906,0.2584,0.24593,200090976.7
1602720000,2020-10-15 05:30:00,15,10,2020,5,30,0,0.24906,0.24596,0.25014,0.24287,157801611.0
1602806400,2020-10-16 05:30:00,16,10,2020,5,30,0,0.24584,0.24011,0.24787,0.2375,149640393.0
1602892800,2020-10-17 05:30:00,17,10,2020,5,30,0,0.24014,0.24057,0.24329,0.23853,76204228.7
1602979200,2020-10-18 05:30:00,18,10,2020,5,30,0,0.24059,0.24221,0.24362,0.24005,59622713.2
1603065600,2020-10-19 05:30:00,19,10,2020,5,30,0,0.2422,0.24558,0.24945,0.24011,144261234.7
1603152000,2020-10-20 05:30:00,20,10,2020,5,30,0,0.24557,0.24322,0.25039,0.2411,142586108.2
1603238400,2020-10-21 05:30:00,21,10,2020,5,30,0,0.24324,0.25088,0.25555,0.24249,213403919.3
1603324800,2020-10-22 05:30:00,22,10,2020,5,30,0,0.2508,0.25709,0.26357,0.25077,262479836.1
1603411200,2020-10-23 05:30:00,23,10,2020,5,30,0,0.25703,0.25471,0.25921,0.25005,145732428.5
1603497600,2020-10-24 05:30:00,24,10,2020,5,30,0,0.25472,0.2562,0.25763,0.25253,71861131.8
1603584000,2020-10-25 05:30:00,25,10,2020,5,30,0,0.2562,0.25313,0.25714,0.25105,70096933.8
1603670400,2020-10-26 05:30:00,26,10,2020,5,30,0,0.25313,0.2481,0.2591,0.24341,153008505.9
1603756800,2020-10-27 05:30:00,27,10,2020,5,30,0,0.24811,0.25273,0.25398,0.24743,125197460.4
1603843200,2020-10-28 05:30:00,28,10,2020,5,30,0,0.25273,0.2454,0.25666,0.2444,152758067.2
1603929600,2020-10-29 05:30:00,29,10,2020,5,30,0,0.2454,0.24239,0.24702,0.2396,127858202.6
1604016000,2020-10-30 05:30:00,30,10,2020,5,30,0,0.24232,0.23905,0.24402,0.23057,133423159.8
1604102400,2020-10-31 05:30:00,31,10,2020,5,30,0,0.23906,0.23968,0.24351,0.23743,84576060.9
1604188800,2020-11-01 05:30:00,1,11,2020,5,30,0,0.2396,0.23999,0.24138,0.23648,64775047.6
1604275200,2020-11-02 05:30:00,2,11,2020,5,30,0,0.23999,0.23523,0.2452,0.23264,130300920.1
1604361600,2020-11-03 05:30:00,3,11,2020,5,30,0,0.23526,0.2396,0.24425,0.22772,213624345.8
1604448000,2020-11-04 05:30:00,4,11,2020,5,30,0,0.2396,0.23758,0.24045,0.23213,175258053.1
1604534400,2020-11-05 05:30:00,5,11,2020,5,30,0,0.23759,0.24561,0.24743,0.23712,220616913.3
1604620800,2020-11-06 05:30:00,6,11,2020,5,30,0,0.24569,0.25863,0.2614,0.24508,289253502.7
1604707200,2020-11-07 05:30:00,7,11,2020,5,30,0,0.2586,0.2491,0.26733,0.24419,263707018.0
1604793600,2020-11-08 05:30:00,8,11,2020,5,30,0,0.24913,0.25374,0.25701,0.24724,119757768.6
1604880000,2020-11-09 05:30:00,9,11,2020,5,30,0,0.25368,0.25059,0.2562,0.24557,161129039.0
1604966400,2020-11-10 05:30:00,10,11,2020,5,30,0,0.25058,0.2538,0.265,0.24806,250018160.4
1605052800,2020-11-11 05:30:00,11,11,2020,5,30,0,0.25379,0.25581,0.26,0.25209,155421758.6
1605139200,2020-11-12 05:30:00,12,11,2020,5,30,0,0.25581,0.2549,0.25818,0.2525,139776053.7
1605225600,2020-11-13 05:30:00,13,11,2020,5,30,0,0.2549,0.2659,0.2659,0.2535,193021203.1
1605312000,2020-11-14 05:30:00,14,11,2020,5,30,0,0.26587,0.26824,0.2777,0.26128,319194414.6
1605398400,2020-11-15 05:30:00,15,11,2020,5,30,0,0.26829,0.26954,0.27677,0.26405,224828544.8
1605484800,2020-11-16 05:30:00,16,11,2020,5,30,0,0.26957,0.28813,0.28998,0.26737,321242912.3
1605571200,2020-11-17 05:30:00,17,11,2020,5,30,0,0.28814,0.30247,0.305,0.28722,529073040.7
1605657600,2020-11-18 05:30:00,18,11,2020,5,30,0,0.30247,0.29335,0.30818,0.28055,488657752.7
1605744000,2020-11-19 05:30:00,19,11,2020,5,30,0,0.29333,0.30358,0.30659,0.284,361076482.2
1605830400,2020-11-20 05:30:00,20,11,2020,5,30,0,0.30356,0.32991,0.33091,0.29679,484828433.3
1605916800,2020-11-21 05:30:00,21,11,2020,5,30,0,0.32993,0.46283,0.4695,0.32929,1667089858.1
1606003200,2020-11-22 05:30:00,22,11,2020,5,30,0,0.46283,0.44611,0.49659,0.40155,1873986909.8
1606089600,2020-11-23 05:30:00,23,11,2020,5,30,0,0.44592,0.61579,0.61984,0.43232,1851054399.6
1606176000,2020-11-24 05:30:00,24,11,2020,5,30,0,0.61562,0.694,0.78068,0.56777,2884741162.1
1606262400,2020-11-25 05:30:00,25,11,2020,5,30,0,0.69399,0.63022,0.725,0.58405,1690578550.2
1606348800,2020-11-26 05:30:00,26,11,2020,5,30,0,0.63024,0.53654,0.652,0.456,2334291327.2
1606435200,2020-11-27 05:30:00,27,11,2020,5,30,0,0.53649,0.5623,0.58669,0.50345,1241200699.6
1606521600,2020-11-28 05:30:00,28,11,2020,5,30,0,0.5625,0.62579,0.64888,0.5387,1276241318.5
1606608000,2020-11-29 05:30:00,29,11,2020,5,30,0,0.62573,0.60543,0.637,0.58285,857628664.8
1606694400,2020-11-30 05:30:00,30,11,2020,5,30,0,0.60543,0.66417,0.6791,0.59881,1178919882.3
1606780800,2020-12-01 05:30:00,1,12,2020,5,30,0,0.66378,0.61088,0.681,0.56401,1075049125.0
1606867200,2020-12-02 05:30:00,2,12,2020,5,30,0,0.6113,0.62972,0.6368,0.59455,593876086.8
1606953600,2020-12-03 05:30:00,3,12,2020,5,30,0,0.62969,0.63046,0.6418,0.6149,392655662.9
1607040000,2020-12-04 05:30:00,4,12,2020,5,30,0,0.63046,0.55367,0.6342,0.54253,662141348.0
1607126400,2020-12-05 05:30:00,5,12,2020,5,30,0,0.55355,0.58517,0.59628,0.54833,432888774.1
1607212800,2020-12-06 05:30:00,6,12,2020,5,30,0,0.58516,0.62107,0.62801,0.57907,639023167.7
1607299200,2020-12-07 05:30:00,7,12,2020,5,30,0,0.62096,0.60818,0.624,0.59084,386644252.1
1607385600,2020-12-08 05:30:00,8,12,2020,5,30,0,0.60822,0.5589,0.61048,0.55,500942717.0
1607472000,2020-12-09 05:30:00,9,12,2020,5,30,0,0.55897,0.58265,0.60544,0.50383,927273510.3
1607558400,2020-12-10 05:30:00,10,12,2020,5,30,0,0.58284,0.57267,0.58848,0.55318,558676539.1
1607644800,2020-12-11 05:30:00,11,12,2020,5,30,0,0.57267,0.54945,0.58697,0.52594,952325951.7
1607731200,2020-12-12 05:30:00,12,12,2020,5,30,0,0.54847,0.50658,0.55102,0.48521,997933196.6
1607817600,2020-12-13 05:30:00,13,12,2020,5,30,0,0.50658,0.51365,0.5278,0.4855,602985171.9
1607904000,2020-12-14 05:30:00,14,12,2020,5,30,0,0.51366,0.4974,0.51852,0.48901,375701995.0
1607990400,2020-12-15 05:30:00,15,12,2020,5,30,0,0.49737,0.46793,0.50715,0.46433,514053464.1
1608076800,2020-12-16 05:30:00,16,12,2020,5,30,0,0.46793,0.56941,0.57477,0.43722,1249912571.2
1608163200,2020-12-17 05:30:00,17,12,2020,5,30,0,0.56938,0.5769,0.65852,0.5358,1801379927.6
1608249600,2020-12-18 05:30:00,18,12,2020,5,30,0,0.57685,0.58337,0.61346,0.55101,970255895.5
1608336000,2020-12-19 05:30:00,19,12,2020,5,30,0,0.58335,0.57666,0.60377,0.56588,614731783.6
1608422400,2020-12-20 05:30:00,20,12,2020,5,30,0,0.57692,0.55586,0.58658,0.5287,544352722.1
1608508800,2020-12-21 05:30:00,21,12,2020,5,30,0,0.55576,0.51445,0.56935,0.49825,593235772.1
1608595200,2020-12-22 05:30:00,22,12,2020,5,30,0,0.51469,0.44642,0.52213,0.40215,1509931701.2
1608681600,2020-12-23 05:30:00,23,12,2020,5,30,0,0.44636,0.2605,0.44842,0.21164,4553848887.4
1608768000,2020-12-24 05:30:00,24,12,2020,5,30,0,0.2605,0.33863,0.3778,0.24003,3822010234.7
1608854400,2020-12-25 05:30:00,25,12,2020,5,30,0,0.33865,0.31768,0.3855,0.2797,3342216004.0
1608940800,2020-12-26 05:30:00,26,12,2020,5,30,0,0.3179,0.29481,0.32723,0.28303,1685723998.7
1609027200,2020-12-27 05:30:00,27,12,2020,5,30,0,0.29484,0.28407,0.312,0.266,1453625832.0
1609113600,2020-12-28 05:30:00,28,12,2020,5,30,0,0.28401,0.24845,0.31,0.2341,1547274302.2
1609200000,2020-12-29 05:30:00,29,12,2020,5,30,0,0.24832,0.22142,0.25167,0.17351,4215576309.2
1609286400,2020-12-30 05:30:00,30,12,2020,5,30,0,0.22142,0.21138,0.23665,0.19186,2578637039.1
1609372800,2020-12-31 05:30:00,31,12,2020,5,30,0,0.21133,0.21959,0.22949,0.20521,1391876889.9
1609459200,2021-01-01 05:30:00,1,1,2021,5,30,0,0.21953,0.23746,0.25,0.216,1490489727.4
1609545600,2021-01-02 05:30:00,2,1,2021,5,30,0,0.2374,0.22064,0.23823,0.21084,1134029208.3
1609632000,2021-01-03 05:30:00,3,1,2021,5,30,0,0.22064,0.2254,0.23852,0.215,1178158964.4
1609718400,2021-01-04 05:30:00,4,1,2021,5,30,0,0.2254,0.23565,0.26091,0.218,1518296110.4
1609804800,2021-01-05 05:30:00,5,1,2021,5,30,0,0.23568,0.22573,0.24269,0.21774,1184439077.1
1609891200,2021-01-06 05:30:00,6,1,2021,5,30,0,0.22577,0.24854,0.2745,0.22139,1776262975.4
1609977600,2021-01-07 05:30:00,7,1,2021,5,30,0,0.24856,0.32389,0.37,0.2453,3863585524.3
1610064000,2021-01-08 05:30:00,8,1,2021,5,30,0,0.32389,0.32032,0.3467,0.28487,2029015562.5
1610150400,2021-01-09 05:30:00,9,1,2021,5,30,0,0.32049,0.32419,0.3395,0.30523,1177910308.9
1610236800,2021-01-10 05:30:00,10,1,2021,5,30,0,0.32419,0.31491,0.368,0.28708,1717325406.4
1610323200,2021-01-11 05:30:00,11,1,2021,5,30,0,0.31487,0.28743,0.31627,0.25343,1963655151.8
1610409600,2021-01-12 05:30:00,12,1,2021,5,30,0,0.28742,0.29254,0.31003,0.27743,1100343591.0
1610496000,2021-01-13 05:30:00,13,1,2021,5,30,0,0.29241,0.30582,0.31,0.2848,764981853.9
1610582400,2021-01-14 05:30:00,14,1,2021,5,30,0,0.3057,0.29642,0.309,0.28334,887903603.5
1610668800,2021-01-15 05:30:00,15,1,2021,5,30,0,0.29648,0.27991,0.30337,0.261,844991903.5
1610755200,2021-01-16 05:30:00,16,1,2021,5,30,0,0.27987,0.27924,0.29666,0.27503,749907244.4
1610841600,2021-01-17 05:30:00,17,1,2021,5,30,0,0.2792,0.27746,0.28572,0.26846,543053977.8
1610928000,2021-01-18 05:30:00,18,1,2021,5,30,0,0.27741,0.28528,0.28875,0.27144,536544377.1
1611014400,2021-01-19 05:30:00,19,1,2021,5,30,0,0.28529,0.29396,0.33,0.28396,1267033309.6
1611100800,2021-01-20 05:30:00,20,1,2021,5,30,0,0.29395,0.29539,0.31184,0.28,850365454.5
1611187200,2021-01-21 05:30:00,21,1,2021,5,30,0,0.29553,0.26802,0.30797,0.25992,908284050.2
1611273600,2021-01-22 05:30:00,22,1,2021,5,30,0,0.26786,0.27217,0.27826,0.24021,799861140.3
1611360000,2021-01-23 05:30:00,23,1,2021,5,30,0,0.27216,0.27167,0.28356,0.26545,446546595.4
1611446400,2021-01-24 05:30:00,24,1,2021,5,30,0,0.27169,0.27339,0.27798,0.26804,353391385.9
1611532800,2021-01-25 05:30:00,25,1,2021,5,30,0,0.27335,0.26757,0.285,0.26679,483145818.4
1611619200,2021-01-26 05:30:00,26,1,2021,5,30,0,0.26751,0.26834,0.27095,0.258,383692292.1
1611705600,2021-01-27 05:30:00,27,1,2021,5,30,0,0.26837,0.25039,0.26871,0.24388,468085255.1
1611792000,2021-01-28 05:30:00,28,1,2021,5,30,0,0.25058,0.26407,0.27,0.24699,496218434.0
1611878400,2021-01-29 05:30:00,29,1,2021,5,30,0,0.26413,0.2829,0.31724,0.25915,1695844598.8
1611964800,2021-01-30 05:30:00,30,1,2021,5,30,0,0.2829,0.44372,0.5178,0.278,5872830448.0
1612051200,2021-01-31 05:30:00,31,1,2021,5,30,0,0.44369,0.49507,0.51,0.385,4524657686.8
1612137600,2021-02-01 05:30:00,1,2,2021,5,30,0,0.49516,0.37106,0.755,0.35928,8608358082.6
1612224000,2021-02-02 05:30:00,2,2,2021,5,30,0,0.37123,0.37254,0.41123,0.3401,2091912007.8
1612310400,2021-02-03 05:30:00,3,2,2021,5,30,0,0.37254,0.39721,0.419,0.37254,1388316884.0
1612396800,2021-02-04 05:30:00,4,2,2021,5,30,0,0.39721,0.44545,0.48159,0.37885,2283530912.6
1612483200,2021-02-05 05:30:00,5,2,2021,5,30,0,0.44535,0.45219,0.47222,0.4241,1545115910.3
1612569600,2021-02-06 05:30:00,6,2,2021,5,30,0,0.45195,0.44307,0.45688,0.42,875771045.9
1612656000,2021-02-07 05:30:00,7,2,2021,5,30,0,0.44307,0.41849,0.45089,0.39123,1141620049.1
1612742400,2021-02-08 05:30:00,8,2,2021,5,30,0,0.41848,0.45099,0.4692,0.4125,1149266957.3
1612828800,2021-02-09 05:30:00,9,2,2021,5,30,0,0.45098,0.47636,0.49,0.44901,1273716203.3
1612915200,2021-02-10 05:30:00,10,2,2021,5,30,0,0.47637,0.50429,0.54224,0.45,2024774430.6
1613001600,2021-02-11 05:30:00,11,2,2021,5,30,0,0.50422,0.52806,0.53545,0.49982,961402272.2
1613088000,2021-02-12 05:30:00,12,2,2021,5,30,0,0.52824,0.609,0.61922,0.51871,1672053608.3
1613174400,2021-02-13 05:30:00,13,2,2021,5,30,0,0.609,0.63309,0.64244,0.54306,1595483419.3
1613260800,2021-02-14 05:30:00,14,2,2021,5,30,0,0.63309,0.59211,0.63981,0.56111,1010016902.3
1613347200,2021-02-15 05:30:00,15,2,2021,5,30,0,0.59217,0.54976,0.6043,0.50891,1222510382.9
1613433600,2021-02-16 05:30:00,16,2,2021,5,30,0,0.54987,0.51995,0.58005,0.48111,1153641290.1
1613520000,2021-02-17 05:30:00,17,2,2021,5,30,0,0.5198,0.53467,0.55751,0.49336,908599648.5
1613606400,2021-02-18 05:30:00,18,2,2021,5,30,0,0.5346,0.53204,0.55995,0.51901,761631484.1
1613692800,2021-02-19 05:30:00,19,2,2021,5,30,0,0.53217,0.56465,0.58195,0.5131,1130348604.3
1613779200,2021-02-20 05:30:00,20,2,2021,5,30,0,0.56478,0.51167,0.58235,0.47231,1247480282.2
1613865600,2021-02-21 05:30:00,21,2,2021,5,30,0,0.5115,0.54468,0.55858,0.50311,1017475385.1
1613952000,2021-02-22 05:30:00,22,2,2021,5,30,0,0.54468,0.56646,0.65155,0.51,3572076523.4
1614038400,2021-02-23 05:30:00,23,2,2021,5,30,0,0.56637,0.47579,0.57172,0.365,2563543339.6
1614124800,2021-02-24 05:30:00,24,2,2021,5,30,0,0.4758,0.4686,0.49999,0.4512,984714285.4
1614211200,2021-02-25 05:30:00,25,2,2021,5,30,0,0.46864,0.43601,0.48233,0.4244,709823716.2
1614297600,2021-02-26 05:30:00,26,2,2021,5,30,0,0.43599,0.42788,0.45067,0.41111,908467259.5
1614384000,2021-02-27 05:30:00,27,2,2021,5,30,0,0.42794,0.43589,0.45945,0.42681,612147484.8
1614470400,2021-02-28 05:30:00,28,2,2021,5,30,0,0.43586,0.41565,0.43876,0.39268,674797992.8
1614556800,2021-03-01 05:30:00,1,3,2021,5,30,0,0.4157,0.44537,0.454,0.41207,600649056.6
1614643200,2021-03-02 05:30:00,2,3,2021,5,30,0,0.44537,0.4357,0.45532,0.42159,645438020.0
1614729600,2021-03-03 05:30:00,3,3,2021,5,30,0,0.43572,0.44846,0.46869,0.43011,642007609.0
1614816000,2021-03-04 05:30:00,4,3,2021,5,30,0,0.44841,0.48096,0.49449,0.43411,1244989352.0
1614902400,2021-03-05 05:30:00,5,3,2021,5,30,0,0.4812,0.45457,0.48488,0.44575,751282004.7
1614988800,2021-03-06 05:30:00,6,3,2021,5,30,0,0.45441,0.46285,0.4765,0.44901,365972027.5
1615075200,2021-03-07 05:30:00,7,3,2021,5,30,0,0.46292,0.46558,0.4689,0.45641,325973214.9
1615161600,2021-03-08 05:30:00,8,3,2021,5,30,0,0.46579,0.47412,0.48987,0.45505,680852595.9
1615248000,2021-03-09 05:30:00,9,3,2021,5,30,0,0.47413,0.4849,0.48736,0.471,495494329.0
1615334400,2021-03-10 05:30:00,10,3,2021,5,30,0,0.48481,0.46155,0.4887,0.4545,597205849.7
1615420800,2021-03-11 05:30:00,11,3,2021,5,30,0,0.4617,0.45187,0.46427,0.44058,535040848.2
1615507200,2021-03-12 05:30:00,12,3,2021,5,30,0,0.45187,0.43934,0.46488,0.42205,665250842.7
1615593600,2021-03-13 05:30:00,13,3,2021,5,30,0,0.43934,0.45787,0.46646,0.43205,547809975.2
1615680000,2021-03-14 05:30:00,14,3,2021,5,30,0,0.45786,0.43905,0.46155,0.43857,415693265.6
1615766400,2021-03-15 05:30:00,15,3,2021,5,30,0,0.439,0.43574,0.44815,0.42268,531041051.9
1615852800,2021-03-16 05:30:00,16,3,2021,5,30,0,0.43566,0.46024,0.52221,0.42723,1446818353.8
1615939200,2021-03-17 05:30:00,17,3,2021,5,30,0,0.46037,0.4698,0.48245,0.45317,564997453.7
1616025600,2021-03-18 05:30:00,18,3,2021,5,30,0,0.46993,0.46893,0.4905,0.46558,555296456.6
1616112000,2021-03-19 05:30:00,19,3,2021,5,30,0,0.46899,0.46651,0.47536,0.45848,336947303.5
1616198400,2021-03-20 05:30:00,20,3,2021,5,30,0,0.4665,0.52613,0.54999,0.46424,1164006494.7
1616284800,2021-03-21 05:30:00,21,3,2021,5,30,0,0.52584,0.51651,0.54691,0.49508,879573341.3
1616371200,2021-03-22 05:30:00,22,3,2021,5,30,0,0.51661,0.5441,0.6,0.50082,1648699048.0
1616457600,2021-03-23 05:30:00,23,3,2021,5,30,0,0.54403,0.5498,0.59638,0.5378,1094151403.3
1616544000,2021-03-24 05:30:00,24,3,2021,5,30,0,0.54945,0.48021,0.56302,0.45212,894167588.1
1616630400,2021-03-25 05:30:00,25,3,2021,5,30,0,0.48022,0.51058,0.5248,0.454,914285330.6
1616716800,2021-03-26 05:30:00,26,3,2021,5,30,0,0.51034,0.56357,0.57689,0.50999,737749968.5
1616803200,2021-03-27 05:30:00,27,3,2021,5,30,0,0.56348,0.54752,0.57464,0.5342,455498717.7
1616889600,2021-03-28 05:30:00,28,3,2021,5,30,0,0.54735,0.54552,0.56075,0.53879,341522011.5
1616976000,2021-03-29 05:30:00,29,3,2021,5,30,0,0.5455,0.56538,0.57082,0.54317,534252547.3
1617062400,2021-03-30 05:30:00,30,3,2021,5,30,0,0.56528,0.5621,0.588,0.55903,574769642.5
1617148800,2021-03-31 05:30:00,31,3,2021,5,30,0,0.56207,0.56982,0.57682,0.52624,666984204.3
1617235200,2021-04-01 05:30:00,1,4,2021,5,30,0,0.5698,0.57087,0.59555,0.54864,710919375.0
1617321600,2021-04-02 05:30:00,2,4,2021,5,30,0,0.57061,0.60701,0.61,0.56522,800475396.4
1617408000,2021-04-03 05:30:00,3,4,2021,5,30,0,0.60701,0.57831,0.64262,0.573,991064844.8
1617494400,2021-04-04 05:30:00,4,4,2021,5,30,0,0.57836,0.635,0.63599,0.56591,664457346.2
1617580800,2021-04-05 05:30:00,5,4,2021,5,30,0,0.63501,0.91584,0.93999,0.6194,3325470561.47
1617667200,2021-04-06 05:30:00,6,4,2021,5,30,0,0.91584,1.09663,1.119,0.7931,4053245753.09
1617753600,2021-04-07 05:30:00,7,4,2021,5,30,0,1.09666,0.91542,1.10882,0.856,2128341583.9
1617840000,2021-04-08 05:30:00,8,4,2021,5,30,0,0.91544,1.05599,1.07294,0.90128,1232242484.4
1617926400,2021-04-09 05:30:00,9,4,2021,5,30,0,1.05571,1.01721,1.0849,0.9808,964539570.1
1618012800,2021-04-10 05:30:00,10,4,2021,5,30,0,1.01754,1.3728,1.399,1.00617,2713439019.68
1618099200,2021-04-11 05:30:00,11,4,2021,5,30,0,1.37215,1.35118,1.5,1.305,1972667902.4
1618185600,2021-04-12 05:30:00,12,4,2021,5,30,0,1.35118,1.46843,1.475,1.31804,1129501823.8
1618272000,2021-04-13 05:30:00,13,4,2021,5,30,0,1.4685,1.79611,1.88888,1.41778,2515240116.42
1618358400,2021-04-14 05:30:00,14,4,2021,5,30,0,1.79607,1.83468,1.96689,1.56001,2119704174.5
1618444800,2021-04-15 05:30:00,15,4,2021,5,30,0,1.83396,1.75781,1.885,1.65243,1124377879.6
1618531200,2021-04-16 05:30:00,16,4,2021,5,30,0,1.75781,1.54805,1.81041,1.42,1805450664.8
1618617600,2021-04-17 05:30:00,17,4,2021,5,30,0,1.54805,1.53896,1.74163,1.52991,1108826379.5
1618704000,2021-04-18 05:30:00,18,4,2021,5,30,0,1.53988,1.40797,1.56505,1.16,2048345301.6
1618790400,2021-04-19 05:30:00,19,4,2021,5,30,0,1.40797,1.30945,1.5339,1.251,1608073829.4
1618876800,2021-04-20 05:30:00,20,4,2021,5,30,0,1.30941,1.38501,1.44796,1.18,1522196293.5
1618963200,2021-04-21 05:30:00,21,4,2021,5,30,0,1.385,1.29097,1.4645,1.27545,1301403506.4
1619049600,2021-04-22 05:30:00,22,4,2021,5,30,0,1.2911,1.15489,1.41947,1.0859,1771540957.6
1619136000,2021-04-23 05:30:00,23,4,2021,5,30,0,1.15489,1.17073,1.19724,0.88601,2651341963.5
1619222400,2021-04-24 05:30:00,24,4,2021,5,30,0,1.17019,1.04833,1.172,1.01753,1120813592.2
1619308800,2021-04-25 05:30:00,25,4,2021,5,30,0,1.04971,1.0351,1.156,0.9418,1026066203.52
1619395200,2021-04-26 05:30:00,26,4,2021,5,30,0,1.0353,1.3629,1.375,1.0133,1871916062.93
1619481600,2021-04-27 05:30:00,27,4,2021,5,30,0,1.3629,1.4017,1.462,1.3284,1510880106.82
1619568000,2021-04-28 05:30:00,28,4,2021,5,30,0,1.4017,1.3576,1.4492,1.2814,1092879174.17
1619654400,2021-04-29 05:30:00,29,4,2021,5,30,0,1.3576,1.3978,1.42,1.3263,824625421.08
1619740800,2021-04-30 05:30:00,30,4,2021,5,30,0,1.3978,1.5988,1.6397,1.3745,1429394131.02
1619827200,2021-05-01 05:30:00,1,5,2021,5,30,0,1.5989,1.651,1.6666,1.5226,701328204.71
1619913600,2021-05-02 05:30:00,2,5,2021,5,30,0,1.651,1.5605,1.658,1.525,602425194.39
1620000000,2021-05-03 05:30:00,3,5,2021,5,30,0,1.5605,1.5546,1.6216,1.47,670988111.68
1620086400,2021-05-04 05:30:00,4,5,2021,5,30,0,1.5546,1.3877,1.558,1.32,1375223308.72
1620172800,2021-05-05 05:30:00,5,5,2021,5,30,0,1.3878,1.6133,1.624,1.366,1261641294.96
1620259200,2021-05-06 05:30:00,6,5,2021,5,30,0,1.6137,1.6028,1.7658,1.521,1507415092.61
1620345600,2021-05-07 05:30:00,7,5,2021,5,30,0,1.6028,1.5793,1.695,1.505,894697893.67
1620432000,2021-05-08 05:30:00,8,5,2021,5,30,0,1.5795,1.5611,1.6277,1.5404,514586255.38
1620518400,2021-05-09 05:30:00,9,5,2021,5,30,0,1.5611,1.5345,1.5968,1.4249,726954201.32
1620604800,2021-05-10 05:30:00,10,5,2021,5,30,0,1.5343,1.3906,1.627,1.214,1154086820.05
1620691200,2021-05-11 05:30:00,11,5,2021,5,30,0,1.391,1.4786,1.4905,1.3555,724101053.89
1620777600,2021-05-12 05:30:00,12,5,2021,5,30,0,1.4788,1.2691,1.547,1.235,1028881609.0
1620864000,2021-05-13 05:30:00,13,5,2021,5,30,0,1.269,1.364,1.389,1.2,1308704814.37
1620950400,2021-05-14 05:30:00,14,5,2021,5,30,0,1.3644,1.4,1.4488,1.321,772801586.76
1621036800,2021-05-15 05:30:00,15,5,2021,5,30,0,1.3998,1.4904,1.5869,1.3211,1495464769.52
1621123200,2021-05-16 05:30:00,16,5,2021,5,30,0,1.4911,1.4496,1.6131,1.3373,1498147985.65
1621209600,2021-05-17 05:30:00,17,5,2021,5,30,0,1.4496,1.4946,1.565,1.3242,1560737399.7
1621296000,2021-05-18 05:30:00,18,5,2021,5,30,0,1.4952,1.5889,1.705,1.4698,1813933407.63
1621382400,2021-05-19 05:30:00,19,5,2021,5,30,0,1.5893,1.0568,1.6448,0.85,3180237280.29
1621468800,2021-05-20 05:30:00,20,5,2021,5,30,0,1.0565,1.1795,1.2664,0.9,1974341688.46
1621555200,2021-05-21 05:30:00,21,5,2021,5,30,0,1.1802,1.0062,1.2194,0.8641,1813489499.17
1621641600,2021-05-22 05:30:00,22,5,2021,5,30,0,1.0062,0.9052,1.0162,0.816,1478148766.91
1621728000,2021-05-23 05:30:00,23,5,2021,5,30,0,0.9052,0.7898,0.9679,0.65,1976494217.2
1621814400,2021-05-24 05:30:00,24,5,2021,5,30,0,0.7899,0.993,0.997,0.7537,1613054853.94
1621900800,2021-05-25 05:30:00,25,5,2021,5,30,0,0.9934,0.9746,1.07,0.8791,1654728049.91
1621987200,2021-05-26 05:30:00,26,5,2021,5,30,0,0.9747,1.0316,1.0698,0.9461,1160288119.63
1622073600,2021-05-27 05:30:00,27,5,2021,5,30,0,1.0316,0.9747,1.0423,0.9322,997129594.42
1622160000,2021-05-28 05:30:00,28,5,2021,5,30,0,0.9747,0.8985,0.9847,0.8445,1220369622.06
1622246400,2021-05-29 05:30:00,29,5,2021,5,30,0,0.8985,0.8318,0.9413,0.7911,980984330.42
1622332800,2021-05-30 05:30:00,30,5,2021,5,30,0,0.8319,0.9058,0.9337,0.7974,837581783.3
1622419200,2021-05-31 05:30:00,31,5,2021,5,30,0,0.9058,1.0409,1.0495,0.8789,1221688769.45
1622505600,2021-06-01 05:30:00,1,6,2021,5,30,0,1.0409,1.0108,1.1,0.9742,1130390772.85
1622592000,2021-06-02 05:30:00,2,6,2021,5,30,0,1.0108,1.0241,1.0498,0.9793,673790276.52
1622678400,2021-06-03 05:30:00,3,6,2021,5,30,0,1.0241,1.045,1.0789,1.0069,701176435.11
1622764800,2021-06-04 05:30:00,4,6,2021,5,30,0,1.0453,0.9683,1.0466,0.9156,814525376.26
1622851200,2021-06-05 05:30:00,5,6,2021,5,30,0,0.9683,0.923,0.9973,0.8921,621966894.8
1622937600,2021-06-06 05:30:00,6,6,2021,5,30,0,0.923,0.947,0.9493,0.917,395443235.74
1623024000,2021-06-07 05:30:00,7,6,2021,5,30,0,0.9469,0.8618,0.976,0.838,673906993.46
1623110400,2021-06-08 05:30:00,8,6,2021,5,30,0,0.8619,0.8731,0.8861,0.7838,989287175.65
1623196800,2021-06-09 05:30:00,9,6,2021,5,30,0,0.873,0.9218,0.9218,0.83,798994471.7
1623283200,2021-06-10 05:30:00,10,6,2021,5,30,0,0.9218,0.8686,0.9298,0.8522,592646634.43
1623369600,2021-06-11 05:30:00,11,6,2021,5,30,0,0.8686,0.8471,0.88,0.8335,384826199.07
1623456000,2021-06-12 05:30:00,12,6,2021,5,30,0,0.8469,0.8326,0.8479,0.8054,375425465.13
1623542400,2021-06-13 05:30:00,13,6,2021,5,30,0,0.8325,0.8832,0.8883,0.817,344882480.06
1623628800,2021-06-14 05:30:00,14,6,2021,5,30,0,0.8833,0.8906,0.93,0.8628,441724628.58
1623715200,2021-06-15 05:30:00,15,6,2021,5,30,0,0.8905,0.8663,0.9017,0.8551,367733719.97
1623801600,2021-06-16 05:30:00,16,6,2021,5,30,0,0.8663,0.832,0.8733,0.8259,380134518.73
1623888000,2021-06-17 05:30:00,17,6,2021,5,30,0,0.8319,0.8419,0.8612,0.8234,315642616.21
1623974400,2021-06-18 05:30:00,18,6,2021,5,30,0,0.8419,0.7972,0.845,0.7687,389494745.89
1624060800,2021-06-19 05:30:00,19,6,2021,5,30,0,0.7971,0.7582,0.8055,0.7557,317290687.13
1624147200,2021-06-20 05:30:00,20,6,2021,5,30,0,0.7583,0.7741,0.785,0.6968,589364804.52
1624233600,2021-06-21 05:30:00,21,6,2021,5,30,0,0.7741,0.6067,0.7803,0.6037,1073284195.87
1624320000,2021-06-22 05:30:00,22,6,2021,5,30,0,0.6068,0.5468,0.65,0.509,1611548012.73
1624406400,2021-06-23 05:30:00,23,6,2021,5,30,0,0.5468,0.6383,0.6655,0.5203,1167774271.66
1624492800,2021-06-24 05:30:00,24,6,2021,5,30,0,0.6383,0.6731,0.6928,0.6163,633338243.16
1624579200,2021-06-25 05:30:00,25,6,2021,5,30,0,0.6731,0.6111,0.6889,0.6019,795450033.45
1624665600,2021-06-26 05:30:00,26,6,2021,5,30,0,0.611,0.6162,0.6329,0.5814,548990505.59
1624752000,2021-06-27 05:30:00,27,6,2021,5,30,0,0.6163,0.6484,0.6523,0.5963,472483880.77
1624838400,2021-06-28 05:30:00,28,6,2021,5,30,0,0.6483,0.6444,0.6583,0.6238,460033268.3
1624924800,2021-06-29 05:30:00,29,6,2021,5,30,0,0.6444,0.7063,0.734,0.6417,718445315.27
1625011200,2021-06-30 05:30:00,30,6,2021,5,30,0,0.7062,0.7063,0.7145,0.6477,634287485.15
1625097600,2021-07-01 05:30:00,1,7,2021,5,30,0,0.7062,0.6591,0.7064,0.644,463328799.28
1625184000,2021-07-02 05:30:00,2,7,2021,5,30,0,0.6592,0.6556,0.6676,0.6329,387562387.59
1625270400,2021-07-03 05:30:00,3,7,2021,5,30,0,0.6557,0.6732,0.6849,0.6433,329367273.74
1625356800,2021-07-04 05:30:00,4,7,2021,5,30,0,0.6733,0.696,0.7091,0.6655,334071078.78
1625443200,2021-07-05 05:30:00,5,7,2021,5,30,0,0.696,0.6526,0.697,0.6444,407839477.88
1625529600,2021-07-06 05:30:00,6,7,2021,5,30,0,0.6526,0.6648,0.68,0.6511,356111895.89
1625616000,2021-07-07 05:30:00,7,7,2021,5,30,0,0.6648,0.6522,0.674,0.65,284356433.42
1625702400,2021-07-08 05:30:00,8,7,2021,5,30,0,0.6521,0.6215,0.6545,0.6108,430925669.18
1625788800,2021-07-09 05:30:00,9,7,2021,5,30,0,0.6214,0.6369,0.6457,0.5917,358836803.69
1625875200,2021-07-10 05:30:00,10,7,2021,5,30,0,0.6369,0.6246,0.6489,0.612,279711260.06
1625961600,2021-07-11 05:30:00,11,7,2021,5,30,0,0.6246,0.6364,0.6449,0.6169,201320995.42
1626048000,2021-07-12 05:30:00,12,7,2021,5,30,0,0.6363,0.6288,0.6575,0.6172,356848391.96
1626134400,2021-07-13 05:30:00,13,7,2021,5,30,0,0.6288,0.6192,0.6426,0.6086,315648113.8
1626220800,2021-07-14 05:30:00,14,7,2021,5,30,0,0.6193,0.6197,0.625,0.5851,352306488.76
1626307200,2021-07-15 05:30:00,15,7,2021,5,30,0,0.6196,0.5979,0.6269,0.5874,339655984.05
1626393600,2021-07-16 05:30:00,16,7,2021,5,30,0,0.5979,0.5893,0.6211,0.5874,282511701.89
1626480000,2021-07-17 05:30:00,17,7,2021,5,30,0,0.5893,0.5821,0.5977,0.56,263418042.14
1626566400,2021-07-18 05:30:00,18,7,2021,5,30,0,0.5822,0.5866,0.6016,0.571,241849135.65
1626652800,2021-07-19 05:30:00,19,7,2021,5,30,0,0.5867,0.557,0.5889,0.5533,294780945.07
1626739200,2021-07-20 05:30:00,20,7,2021,5,30,0,0.557,0.5284,0.5699,0.5157,393704657.61
1626825600,2021-07-21 05:30:00,21,7,2021,5,30,0,0.5284,0.5719,0.584,0.5193,493423679.61
1626912000,2021-07-22 05:30:00,22,7,2021,5,30,0,0.5718,0.592,0.6033,0.5609,409238764.36
1626998400,2021-07-23 05:30:00,23,7,2021,5,30,0,0.592,0.6091,0.6101,0.5753,359561806.43
1627084800,2021-07-24 05:30:00,24,7,2021,5,30,0,0.6092,0.6085,0.6205,0.5996,319684922.3
1627171200,2021-07-25 05:30:00,25,7,2021,5,30,0,0.6085,0.6069,0.6118,0.5906,259034501.15
1627257600,2021-07-26 05:30:00,26,7,2021,5,30,0,0.6069,0.6234,0.6793,0.6048,803413949.18
1627344000,2021-07-27 05:30:00,27,7,2021,5,30,0,0.6234,0.6451,0.6528,0.6121,427078091.95
1627430400,2021-07-28 05:30:00,28,7,2021,5,30,0,0.645,0.7327,0.7549,0.6308,1172622702.04
1627516800,2021-07-29 05:30:00,29,7,2021,5,30,0,0.7327,0.7488,0.7665,0.697,513356476.87
1627603200,2021-07-30 05:30:00,30,7,2021,5,30,0,0.7488,0.7521,0.7697,0.7115,604445794.9
1627689600,2021-07-31 05:30:00,31,7,2021,5,30,0,0.7522,0.746,0.7591,0.7367,377281828.25
1627776000,2021-08-01 05:30:00,1,8,2021,5,30,0,0.7461,0.7242,0.7778,0.7042,469477766.36
1627862400,2021-08-02 05:30:00,2,8,2021,5,30,0,0.7242,0.738,0.774,0.715,410656081.94
1627948800,2021-08-03 05:30:00,3,8,2021,5,30,0,0.738,0.7136,0.745,0.7008,398158150.61
1628035200,2021-08-04 05:30:00,4,8,2021,5,30,0,0.7136,0.731,0.7398,0.6952,330543019.03
1628121600,2021-08-05 05:30:00,5,8,2021,5,30,0,0.731,0.7327,0.7389,0.701,331894003.59
1628208000,2021-08-06 05:30:00,6,8,2021,5,30,0,0.7327,0.7474,0.753,0.7219,304988991.92
1628294400,2021-08-07 05:30:00,7,8,2021,5,30,0,0.7474,0.8162,0.8189,0.7411,589624594.72
1628380800,2021-08-08 05:30:00,8,8,2021,5,30,0,0.8163,0.7788,0.8413,0.7717,556138875.77
1628467200,2021-08-09 05:30:00,9,8,2021,5,30,0,0.7788,0.817,0.8279,0.7596,474908832.08
1628553600,2021-08-10 05:30:00,10,8,2021,5,30,0,0.8169,0.8511,0.8622,0.8,503252613.21
1628640000,2021-08-11 05:30:00,11,8,2021,5,30,0,0.8511,1.0105,1.0906,0.848,1131344973.99
1628726400,2021-08-12 05:30:00,12,8,2021,5,30,0,1.0106,0.966,1.045,0.9222,990869466.08
1628812800,2021-08-13 05:30:00,13,8,2021,5,30,0,0.9661,1.0901,1.0968,0.9501,674407528.31
1628899200,2021-08-14 05:30:00,14,8,2021,5,30,0,1.0901,1.2791,1.31,1.0691,1408060485.32
1628985600,2021-08-15 05:30:00,15,8,2021,5,30,0,1.2788,1.2839,1.35,1.2252,1155282513.71
1629072000,2021-08-16 05:30:00,16,8,2021,5,30,0,1.2838,1.1855,1.3288,1.1432,912003805.45
1629158400,2021-08-17 05:30:00,17,8,2021,5,30,0,1.1855,1.0978,1.2479,1.085,893360572.36
1629244800,2021-08-18 05:30:00,18,8,2021,5,30,0,1.098,1.1431,1.1963,1.0501,870414538.26
1629331200,2021-08-19 05:30:00,19,8,2021,5,30,0,1.143,1.2347,1.2355,1.0895,723276976.29
1629417600,2021-08-20 05:30:00,20,8,2021,5,30,0,1.2347,1.2629,1.2897,1.1992,594584554.01
1629504000,2021-08-21 05:30:00,21,8,2021,5,30,0,1.2629,1.2158,1.2835,1.2,394160040.58
1629590400,2021-08-22 05:30:00,22,8,2021,5,30,0,1.2158,1.226,1.2557,1.1776,360176161.72
1629676800,2021-08-23 05:30:00,23,8,2021,5,30,0,1.2258,1.2457,1.3046,1.2024,661403795.74
1629763200,2021-08-24 05:30:00,24,8,2021,5,30,0,1.2456,1.1353,1.2658,1.1212,637760055.93
1629849600,2021-08-25 05:30:00,25,8,2021,5,30,0,1.1353,1.1735,1.1779,1.1073,530858362.99
1629936000,2021-08-26 05:30:00,26,8,2021,5,30,0,1.1735,1.0712,1.1866,1.0636,569965192.92
1630022400,2021-08-27 05:30:00,27,8,2021,5,30,0,1.0713,1.1918,1.1926,1.0501,565739468.35
1630108800,2021-08-28 05:30:00,28,8,2021,5,30,0,1.1918,1.1459,1.198,1.1329,314618250.83
1630195200,2021-08-29 05:30:00,29,8,2021,5,30,0,1.1458,1.1408,1.1683,1.112,313294895.0
1630281600,2021-08-30 05:30:00,30,8,2021,5,30,0,1.1408,1.1002,1.1488,1.0946,364996870.0
1630368000,2021-08-31 05:30:00,31,8,2021,5,30,0,1.1005,1.1856,1.2441,1.0907,709823003.3
1630454400,2021-09-01 05:30:00,1,9,2021,5,30,0,1.1856,1.2362,1.2384,1.158,469917987.0
1630540800,2021-09-02 05:30:00,2,9,2021,5,30,0,1.2362,1.2533,1.295,1.2216,501596506.82
1630627200,2021-09-03 05:30:00,3,9,2021,5,30,0,1.2533,1.2907,1.3235,1.2189,526413570.07
1630713600,2021-09-04 05:30:00,4,9,2021,5,30,0,1.2906,1.2548,1.2972,1.2352,355870711.0
1630800000,2021-09-05 05:30:00,5,9,2021,5,30,0,1.2548,1.3076,1.3125,1.2361,335187953.0
1630886400,2021-09-06 05:30:00,6,9,2021,5,30,0,1.3075,1.3894,1.4151,1.3065,710855257.92
1630972800,2021-09-07 05:30:00,7,9,2021,5,30,0,1.3894,1.1292,1.3922,0.9524,1297978123.89
1631059200,2021-09-08 05:30:00,8,9,2021,5,30,0,1.129,1.0998,1.148,1.0133,794455994.0
1631145600,2021-09-09 05:30:00,9,9,2021,5,30,0,1.0999,1.0868,1.1377,1.0619,604426508.0
1631232000,2021-09-10 05:30:00,10,9,2021,5,30,0,1.0868,1.0552,1.245,1.03,901671116.0
1631318400,2021-09-11 05:30:00,11,9,2021,5,30,0,1.0552,1.0787,1.12,1.0503,336502704.0
1631404800,2021-09-12 05:30:00,12,9,2021,5,30,0,1.0788,1.1181,1.1276,1.0576,324049191.0
1631491200,2021-09-13 05:30:00,13,9,2021,5,30,0,1.1181,1.0643,1.1266,1.025,510682363.0
1631577600,2021-09-14 05:30:00,14,9,2021,5,30,0,1.0644,1.0963,1.0978,1.0566,275908113.0
1631664000,2021-09-15 05:30:00,15,9,2021,5,30,0,1.0962,1.1207,1.13,1.0784,289063987.0
1631750400,2021-09-16 05:30:00,16,9,2021,5,30,0,1.1207,1.0902,1.13,1.0662,302954441.0
1631836800,2021-09-17 05:30:00,17,9,2021,5,30,0,1.0903,1.0661,1.1025,1.0509,297933223.0
1631923200,2021-09-18 05:30:00,18,9,2021,5,30,0,1.0663,1.0751,1.0952,1.0562,195352031.0
1632009600,2021-09-19 05:30:00,19,9,2021,5,30,0,1.0752,1.0483,1.0837,1.0383,211015299.0
1632096000,2021-09-20 05:30:00,20,9,2021,5,30,0,1.0483,0.9216,1.0497,0.8738,837287959.74
1632182400,2021-09-21 05:30:00,21,9,2021,5,30,0,0.9216,0.8743,0.9593,0.8582,632313366.81
1632268800,2021-09-22 05:30:00,22,9,2021,5,30,0,0.874,1.0033,1.0094,0.8679,606417695.0
1632355200,2021-09-23 05:30:00,23,9,2021,5,30,0,1.0033,1.0016,1.017,0.9676,409673892.0
1632441600,2021-09-24 05:30:00,24,9,2021,5,30,0,1.0016,0.944,1.0027,0.8858,605329486.0
1632528000,2021-09-25 05:30:00,25,9,2021,5,30,0,0.9442,0.94,0.9577,0.9163,347043937.0
1632614400,2021-09-26 05:30:00,26,9,2021,5,30,0,0.9399,0.9436,0.9567,0.8915,384081774.0
1632700800,2021-09-27 05:30:00,27,9,2021,5,30,0,0.9436,0.9218,0.9818,0.9194,350234819.0
1632787200,2021-09-28 05:30:00,28,9,2021,5,30,0,0.9217,0.8928,0.9431,0.8903,313521537.0
1632873600,2021-09-29 05:30:00,29,9,2021,5,30,0,0.8928,0.9268,0.9941,0.8861,459660796.0
1632960000,2021-09-30 05:30:00,30,9,2021,5,30,0,0.9266,0.9533,0.964,0.9217,332911904.0
1633046400,2021-10-01 05:30:00,1,10,2021,5,30,0,0.9535,1.0422,1.0695,0.9443,644378881.0
1633132800,2021-10-02 05:30:00,2,10,2021,5,30,0,1.0422,1.0359,1.0733,1.0079,398398944.0
1633219200,2021-10-03 05:30:00,3,10,2021,5,30,0,1.0359,1.0552,1.0884,1.021,410176280.0
1633305600,2021-10-04 05:30:00,4,10,2021,5,30,0,1.0552,1.0425,1.0596,1.0059,416467677.0
1633392000,2021-10-05 05:30:00,5,10,2021,5,30,0,1.0429,1.0839,1.088,1.038,429469278.0
1633478400,2021-10-06 05:30:00,6,10,2021,5,30,0,1.084,1.0765,1.1081,1.0171,509214129.0
1633564800,2021-10-07 05:30:00,7,10,2021,5,30,0,1.0766,1.0678,1.0942,1.0423,410868906.0
1633651200,2021-10-08 05:30:00,8,10,2021,5,30,0,1.0677,1.0636,1.0927,1.0539,335486636.0
1633737600,2021-10-09 05:30:00,9,10,2021,5,30,0,1.0636,1.1604,1.2089,1.0565,678027224.72
1633824000,2021-10-10 05:30:00,10,10,2021,5,30,0,1.1604,1.1352,1.23,1.1262,647048690.0
1633910400,2021-10-11 05:30:00,11,10,2021,5,30,0,1.1352,1.1364,1.182,1.1017,429676031.0
1633996800,2021-10-12 05:30:00,12,10,2021,5,30,0,1.1363,1.1018,1.1364,1.0634,455399313.0
1634083200,2021-10-13 05:30:00,13,10,2021,5,30,0,1.1017,1.1275,1.1387,1.075,403291632.0
1634169600,2021-10-14 05:30:00,14,10,2021,5,30,0,1.1277,1.1336,1.16,1.1174,353714419.0
1634256000,2021-10-15 05:30:00,15,10,2021,5,30,0,1.1335,1.1413,1.1656,1.0914,573654581.0
1634342400,2021-10-16 05:30:00,16,10,2021,5,30,0,1.1415,1.1343,1.1869,1.13,339530696.0
1634428800,2021-10-17 05:30:00,17,10,2021,5,30,0,1.1343,1.0944,1.1407,1.0172,384414867.0
1634515200,2021-10-18 05:30:00,18,10,2021,5,30,0,1.0943,1.0827,1.1064,1.0642,321174243.0
1634601600,2021-10-19 05:30:00,19,10,2021,5,30,0,1.0827,1.0911,1.1009,1.0661,235324664.0
1634688000,2021-10-20 05:30:00,20,10,2021,5,30,0,1.0911,1.1455,1.1529,1.0868,346122480.0
1634774400,2021-10-21 05:30:00,21,10,2021,5,30,0,1.1451,1.0886,1.164,1.0851,442288500.0
1634860800,2021-10-22 05:30:00,22,10,2021,5,30,0,1.0885,1.0885,1.1288,1.0739,333619107.0
1634947200,2021-10-23 05:30:00,23,10,2021,5,30,0,1.0885,1.0934,1.1018,1.0763,189644449.0
1635033600,2021-10-24 05:30:00,24,10,2021,5,30,0,1.0935,1.0821,1.0961,1.0522,234286648.0
1635120000,2021-10-25 05:30:00,25,10,2021,5,30,0,1.0821,1.0951,1.1034,1.0778,218666074.0
1635206400,2021-10-26 05:30:00,26,10,2021,5,30,0,1.0951,1.1075,1.1606,1.0905,439499263.0
1635292800,2021-10-27 05:30:00,27,10,2021,5,30,0,1.1076,0.995,1.1248,0.9483,914728059.0
1635379200,2021-10-28 05:30:00,28,10,2021,5,30,0,0.9951,1.0579,1.0816,0.981,686113717.0
1635465600,2021-10-29 05:30:00,29,10,2021,5,30,0,1.058,1.0825,1.0903,1.0409,357777322.0
1635552000,2021-10-30 05:30:00,30,10,2021,5,30,0,1.0825,1.0846,1.1169,1.0611,372223050.0
1635638400,2021-10-31 05:30:00,31,10,2021,5,30,0,1.0845,1.1128,1.1544,1.0689,659007943.0
1635724800,2021-11-01 05:30:00,1,11,2021,5,30,0,1.1128,1.0934,1.1321,1.069,368594430.0
